"channel_rollup","rtl_yr","avg_running_sales","tot_running"
"NFS",2016,280563.012701861,101002684.57267
"NFS",2017,284254.622746972,102331664.18891
"NFS",2018,303246.472723275,103710293.67136
"NSO",2016,302443.483570833,36293218.0285
"NSO",2017,291455.14465575,34974617.35869
"NSO",2018,261645.755245614,29827616.098
